/Colo_counties.map/1.1.1.1/Sat Aug 27 01:14:21 2016//
/Colo_towns.map/1.1.1.1/Sat Aug 27 01:14:21 2016//
/DIA_all.map/1.1.1.1/Sat Aug 27 01:14:21 2016//
/colo_airports.map/1.1.1.1/Sat Aug 27 01:14:21 2016//
/colo_towns.map/1.1.1.1/Sat Aug 27 01:14:21 2016//
/denver.conf/1.2/Sat Aug 27 01:14:21 2016//
/denver_maps.conf/1.1.1.1/Sat Aug 27 01:14:21 2016//
/rview.map/1.1.1.1/Sat Aug 27 01:14:21 2016//
/stapleton.map/1.1.1.1/Sat Aug 27 01:14:21 2016//
/usa.conf/1.1.1.1/Sat Aug 27 01:14:21 2016//
/usa.map/1.1.1.1/Sat Aug 27 01:14:21 2016//
D
